{
  "total_requests": 55,
  "cache_hits": 1,
  "cache_misses": 56,
  "user_corrections": 0,
  "auto_improvements": 0,
  "language_distribution": {
    "hin": 9,
    "eng": 2,
    "mar": 13,
    "fra": 2,
    "spa": 2,
    "deu": 2,
    "por": 2,
    "rus": 2,
    "ita": 4,
    "cmn": 2,
    "jpn": 2,
    "kor": 2,
    "ajp": 2,
    "ell": 2,
    "eng_indic_mixed": 2,
    "hin_eng_mixed": 3,
    "urd": 2
  },
  "detection_methods": {
    "glotlid_high_confidence": 24,
    "glotlid": 2,
    "glotlid_short_text": 4,
    "glotlid_medium": 2,
    "romanized_indic_early_detection": 18,
    "code_mixed_latin_dominant": 1,
    "code_mixed_high_confidence": 2,
    "code_mixed_romanized": 2
  },
  "avg_confidence_by_language": {
    "hin": [
      1.0000079870224,
      0.85,
      0.85,
      0.85,
      1.0000079870224,
      0.85,
      0.85,
      0.85,
      0.85
    ],
    "eng": [
      0.9987634420394897,
      0.9987634420394897
    ],
    "mar": [
      1.0000100135803223,
      0.85,
      0.85,
      0.85,
      1.0000100135803223,
      0.85,
      0.85,
      0.85,
      0.85,
      0.85,
      0.85,
      0.85,
      0.85
    ],
    "fra": [
      0.9462123513221741,
      0.9462123513221741
    ],
    "spa": [
      0.9999942779541016,
      0.9999942779541016
    ],
    "deu": [
      0.9999978542327881,
      0.9999978542327881
    ],
    "por": [
      0.9999333620071411,
      0.9999333620071411
    ],
    "rus": [
      0.9968960881233215,
      0.9968960881233215
    ],
    "ita": [
      0.9997098445892334,
      0.9996495246887207,
      0.9997098445892334,
      0.9996495246887207
    ],
    "cmn": [
      1.0000041723251343,
      1.0000041723251343
    ],
    "jpn": [
      1.0000100135803223,
      1.0000100135803223
    ],
    "kor": [
      1.0000100135803223,
      1.0000100135803223
    ],
    "ajp": [
      0.7519816160202026,
      0.7519816160202026
    ],
    "ell": [
      0.9988691806793213,
      0.9988691806793213
    ],
    "eng_indic_mixed": [
      0.75,
      0.82
    ],
    "hin_eng_mixed": [
      0.82,
      0.8,
      0.8
    ],
    "urd": [
      0.9689610004425049,
      0.9689610004425049
    ]
  }
}